{
  "name": "Python 3",
  "image": "mcr.microsoft.com/devcontainers/python:1-3.11-bullseye",
  "customizations": {
    "codespaces": {
      "openFiles": [
        "README.md",
        "app.py"
      ]
    },
    "vscode": {
      "settings": {},
      "extensions": [
        "ms-python.python",
        "ms-python.vscode-pylance"
      ]
    }
  },
  "updateContentCommand": "[ -f packages.txt ] && sudo apt update && sudo apt upgrade -y && sudo xargs apt install -y <packages.txt; [ -f requirements.txt ] && pip3 install --user -r requirements.txt; pip3 install --user streamlit; echo '✅ Packages installed and Requirements met'",
  "postAttachCommand": "cd /workspaces/$(basename `git rev-parse --show-toplevel`) && streamlit run app.py --server.enableCORS false --server.enableXsrfProtection false --server.port 8501",
  "portsAttributes": {
    "8501": {
      "label": "Application",
      "onAutoForward": "openPreview"
    }
  },
  "forwardPorts": [
    8501
  ]
}
